IRF,NFkB,IFNb,p50,Stimulus,Genotype,,,
0.25,1,0.6,1,LPS,WT,0.019607843,0.196078431,
0.25,1,0.6,0,LPS,p50KO,0.029411765,0.294117647,
0.01,0.8,0,1,CpG,WT,2.85686E-05,0.000285686,
0.01,0.8,0.3,0,CpG,p50KO,4.444E-05,0.0004444,
0.25,0,0.2,1,LPS,relacrelKO,0,0,
0.01,1,0,1,LPS,irf3irf7KO,3.333E-05,0.0003333,
1,0.5,1,1,polyIC,WT,0.1,1,
1,0,1,1,polyIC,relacrelKO,0,0,
0.1,0.5,0.2,1,polyIC,irf3irf7KO,0.001980198,0.01980198,
0,0.5,0,1,polyIC,irf3irf5irf7KO,0,0,